{"cameraMode":{"drawMode":0,"name":"Shaded","section":"Shading Mode"},"sceneLighting":false,"audioPlay":false,"sceneViewState":{"m_AlwaysRefresh":false,"showFog":true,"showSkybox":false,"showFlares":true,"showImageEffects":true,"showParticleSystems":true,"showVisualEffectGraphs":true,"m_FxEnabled":true},"in2DMode":false,"pivot":{"x":0.0014511644840240479,"y":5.579999923706055,"z":2.4278080463409426},"rotation":{"x":-0.005965324584394693,"y":0.7148230671882629,"z":0.007603083737194538,"w":0.6995964050292969},"size":8.71679401397705,"orthographic":true}