{"cameraMode":{"drawMode":0,"name":"Shaded","section":"Shading Mode"},"sceneLighting":false,"audioPlay":false,"sceneViewState":{"m_AlwaysRefresh":false,"showFog":true,"showSkybox":false,"showFlares":true,"showImageEffects":true,"showParticleSystems":true,"showVisualEffectGraphs":true,"m_FxEnabled":true},"in2DMode":false,"pivot":{"x":10.052261352539063,"y":5.349957466125488,"z":0.1524372100830078},"rotation":{"x":0.12541203200817109,"y":0.7305634021759033,"z":-0.13910885155200959,"w":0.6567485928535461},"size":19.334423065185548,"orthographic":true}