{"cameraMode":{"drawMode":0,"name":"Shaded","section":"Shading Mode"},"sceneLighting":false,"audioPlay":false,"sceneViewState":{"m_AlwaysRefresh":false,"showFog":true,"showSkybox":false,"showFlares":true,"showImageEffects":true,"showParticleSystems":true,"showVisualEffectGraphs":true,"m_FxEnabled":true},"in2DMode":false,"pivot":{"x":0.1761491298675537,"y":-0.2258549928665161,"z":0.17771396040916444},"rotation":{"x":-0.005377187859266996,"y":0.9472330808639526,"z":-0.01654643937945366,"w":-0.32064464688301089},"size":2.3861777782440187,"orthographic":true}