{"cameraMode":{"drawMode":0,"name":"Shaded","section":"Shading Mode"},"sceneLighting":false,"audioPlay":false,"sceneViewState":{"m_AlwaysRefresh":false,"showFog":true,"showSkybox":false,"showFlares":true,"showImageEffects":true,"showParticleSystems":true,"showVisualEffectGraphs":true,"m_FxEnabled":true},"in2DMode":false,"pivot":{"x":0.037681952118873599,"y":0.07945412397384644,"z":1.862645149230957e-8},"rotation":{"x":-0.1492380052804947,"y":0.8401347994804382,"z":-0.2950664758682251,"w":-0.43061619997024538},"size":0.7053447365760803,"orthographic":true}