{"cameraMode":{"drawMode":0,"name":"Shaded","section":"Shading Mode"},"sceneLighting":true,"audioPlay":false,"sceneViewState":{"m_AlwaysRefresh":false,"showFog":true,"showSkybox":true,"showFlares":true,"showImageEffects":true,"showParticleSystems":true,"showVisualEffectGraphs":true,"m_FxEnabled":true},"in2DMode":false,"pivot":{"x":10.052261352539063,"y":5.349957466125488,"z":0.1524372100830078},"rotation":{"x":0.23091274499893189,"y":-0.05542632192373276,"z":0.01317664235830307,"w":0.9713187217712402},"size":9.148591995239258,"orthographic":true}